{
    "affinity_pred_value": 1.3727762699127197,
    "affinity_probability_binary": 0.1790608912706375,
    "affinity_pred_value1": 1.9938749074935913,
    "affinity_probability_binary1": 0.10496797412633896,
    "affinity_pred_value2": 0.7516775727272034,
    "affinity_probability_binary2": 0.25315380096435547
}