{
    "confidence_score": 0.9800125360488892,
    "ptm": 0.9827205538749695,
    "iptm": 0.9557479619979858,
    "ligand_iptm": 0.9557479619979858,
    "protein_iptm": 0.0,
    "complex_plddt": 0.986078679561615,
    "complex_iplddt": 0.9739483594894409,
    "complex_pde": 0.28018221259117126,
    "complex_ipde": 0.5594542622566223,
    "chains_ptm": {
        "0": 0.9838429093360901,
        "1": 0.995226263999939
    },
    "pair_chains_iptm": {
        "0": {
            "0": 0.9838429093360901,
            "1": 0.6289389729499817
        },
        "1": {
            "0": 0.9557479619979858,
            "1": 0.995226263999939
        }
    }
}