{
    "affinity_pred_value": 1.6785495281219482,
    "affinity_probability_binary": 0.4153217673301697,
    "affinity_pred_value1": 1.9747322797775269,
    "affinity_probability_binary1": 0.5280881524085999,
    "affinity_pred_value2": 1.38236665725708,
    "affinity_probability_binary2": 0.3025554120540619
}