{
    "confidence_score": 0.8292422294616699,
    "ptm": 0.8975691199302673,
    "iptm": 0.860944390296936,
    "ligand_iptm": 0.860944390296936,
    "protein_iptm": 0.0,
    "complex_plddt": 0.821316659450531,
    "complex_iplddt": 0.7023670077323914,
    "complex_pde": 0.7091598510742188,
    "complex_ipde": 2.327868700027466,
    "chains_ptm": {
        "0": 0.9003310799598694,
        "1": 0.9291225075721741
    },
    "pair_chains_iptm": {
        "0": {
            "0": 0.9003310799598694,
            "1": 0.32288458943367004
        },
        "1": {
            "0": 0.860944390296936,
            "1": 0.9291225075721741
        }
    }
}